﻿<?xml version="1.0" encoding="utf-8"?><ArrayOfBike xmlns:xsi="http://www.w3.org/2001/XMLSchema-instance" xmlns:xsd="http://www.w3.org/2001/XMLSchema"><Bike xsi:type="MountainBike"><SerialNumber>1</SerialNumber><Height>1</Height><Suspension>Front</Suspension><Made>1</Made><Model>1</Model><Weight>1</Weight><Type>Mountain_Bike</Type><Color>White</Color><Speed>1</Speed><MadeDate>1</MadeDate><NewSpeed>1</NewSpeed><TireSize>1</TireSize></Bike><Bike xsi:type="MountainBike"><SerialNumber>2</SerialNumber><Height>2</Height><Suspension>Rear</Suspension><Made>2</Made><Model>2</Model><Weight>2</Weight><Type>Mountain_Bike</Type><Color>Blue</Color><Speed>22</Speed><MadeDate>2</MadeDate><NewSpeed>2</NewSpeed><TireSize>2</TireSize></Bike><Bike xsi:type="RoadBike"><SerialNumber>3</SerialNumber><SeatHeight>3</SeatHeight><Size>Medium</Size><Made>3</Made><Model>3</Model><Weight>3</Weight><Type>Mountain_Bike</Type><Color>Dark</Color><Speed>40</Speed><MadeDate>3</MadeDate><NewSpeed>3</NewSpeed><TireSize>3</TireSize></Bike><Bike xsi:type="RoadBike"><SerialNumber>4</SerialNumber><SeatHeight>4</SeatHeight><Size>Larg</Size><Made>4</Made><Model>4</Model><Weight>4</Weight><Type>Mountain_Bike</Type><Color>Blue</Color><Speed>40</Speed><MadeDate>4</MadeDate><NewSpeed>4</NewSpeed><TireSize>4</TireSize></Bike></ArrayOfBike>